{"cameraMode":{"drawMode":0,"name":"Shaded","section":"Shading Mode"},"sceneLighting":false,"audioPlay":false,"sceneViewState":{"showFog":true,"showMaterialUpdate":false,"showSkybox":true,"showFlares":true,"showImageEffects":true,"showParticleSystems":true},"in2DMode":false,"pivot":{"x":-6.2682037353515629,"y":15.103203773498536,"z":15.48257064819336},"rotation":{"x":0.0019281780114397407,"y":0.6972795724868774,"z":0.0018761942628771067,"w":-0.716796338558197},"size":39.51829147338867,"orthographic":false}